<?xml version="1.0" encoding="UTF-8"?>
<beans xmlns="http://www.springframework.org/schema/beans"
       xmlns:xsi="http://www.w3.org/2001/XMLSchema-instance"
       xsi:schemaLocation="http://www.springframework.org/schema/beans http://www.springframework.org/schema/beans/spring-beans.xsd">

    <!--
    bean描述当前的对象需要由spring容器管理
    id属性：标识对象，未来在应用程序中可以根据id来获取对象
    class：被管理的对象的类全名
    -->
    <bean id="service" class="hello.MessageService"></bean>

    <bean id="printer" class="hello.MessagePrinter">
        <!--管理依赖-->
        <!-- property名字和MessagePrinter类中的 private MessageService service; 这个名字保持一致-->
        <!-- ref 引用的是上面  <bean id="service" class="hello.MessageService"></bean> 这个   -->
        <property name="service" ref="service"></property>
    </bean>

    <!--
    Facets 英文翻译为：方面，（事务的）面。表述了在Module中使用的各种各样的框架、技术和语言。
    这些Facets让IDEA知道怎么对待module内容，并保证与相应的框架和语言保持一致。-->
</beans>