<?xml version="1.0" encoding="UTF-8"?>
<beans xmlns="http://www.springframework.org/schema/beans"
       xmlns:xsi="http://www.w3.org/2001/XMLSchema-instance"
       xmlns:p="http://www.springframework.org/schema/p"
       xsi:schemaLocation="http://www.springframework.org/schema/beans http://www.springframework.org/schema/beans/spring-beans.xsd">
<!--引用p名称空间-->

    <!--这种属性注入，得需要set方法-->
    <!--极为需要注意的是：property中name 是根据setTitle1   是set后面的小写-->
    <bean id="music1" class="com.baidu.demo.soundsystem.Music">
        <property name="title"  value="告白气球"></property>
        <property name="duration" value="215"></property>
    </bean>

    <!--<bean id="music2" class="com.baidu.demo.soundsystem.Music">
        <property name="title"  value="爱情废柴"></property>
        <property name="duration" value="315"></property>
    </bean>-->

    <!--利用p名称空间-->
    <!--p:title-ref  是注入对象-->
    <bean id="music2" class="com.baidu.demo.soundsystem.Music" p:title="爱情废柴" p:duration="315">
    </bean>

    <bean id="compactDisc1" class="com.baidu.demo.soundsystem.CompactDisc">
        <property name="title" value="周杰伦的床边故事"></property>
        <property name="artist" value="jj"></property>
        <property name="tracks">
            <!--和之前利用contructor 各种注入什么map,set,list等等都是一样的-->
            <set>
                <ref bean="music1"/>
                <ref bean="music2"/>
            </set>
        </property>
    </bean>

    <bean id="CDPlayer1" class="com.baidu.demo.soundsystem.CDPlayer">
        <property name="cd" ref="compactDisc1"></property>
    </bean>
</beans>