<?xml version="1.0" encoding="UTF-8"?>
<beans xmlns="http://www.springframework.org/schema/beans"
       xmlns:c="http://www.springframework.org/schema/c"
       xmlns:xsi="http://www.w3.org/2001/XMLSchema-instance"
       xsi:schemaLocation="http://www.springframework.org/schema/beans http://www.springframework.org/schema/beans/spring-beans.xsd">
    <!--上面的xmlns:c="http://www.springframework.org/schema/c"    -->
    <!--声明一个c名称空间，以c名称空间的方式进行注入-->
    <!--c名称空间，使得constructor-arg表达更简洁-->

    <bean id="music1" class="com.baidu.demo.soundsystem.Music">
        <constructor-arg value="I DO1" />
        <constructor-arg value="why1" />
    </bean>
    <bean id="music2" class="com.baidu.demo.soundsystem.Music">
        <constructor-arg value="I DO2" />
        <constructor-arg value="why2" />
    </bean>
    <bean id="music3" class="com.baidu.demo.soundsystem.Music">
        <constructor-arg value="I DO3" />
        <constructor-arg value="why3" />
    </bean>

    <bean id="compactDisc1" class="com.baidu.demo.soundsystem.CompactDisc" >
        <constructor-arg name="title" value = "I Do" />
        <constructor-arg name="artist" value = "吴洪宇哈哈" />
        <constructor-arg name="tracks">
            <set>
                <!--注入简单类型
                <value>why</value>
                <value>wj</value>
                <value>mother</value>
                -->
                <!--注入非简单节点  -->
                <ref bean="music1"/>
                <ref bean="music2"/>
                <ref bean="music3"/>
                <!--注入list,装配的是java.util.list,-->
                <!--注入set,装配的是java.util.set,  但是其配饰的是LinkedHashSet,一个有序的set-->
                <!--注入map:-->
                <!--    如果是简单类型，那就是value=""
                <entry key="m1" value-ref="music1">
                <entry key="m2" value-ref="music2">
                <entry key="m3" value-ref="music3">
                -->
                <!--注入数组，就写array   简单 类型 下面写<value> xxx </value>-->
                <!-- 复杂对象<ref bean=""></ref> -->
                <!--c名称空间无法执行集合装配-->
            </set>
        </constructor-arg>
        <!--可以按照name,index,type 注入，不写就是按照顺序注入   name最为常用-->
    </bean>

    <!--[com.baidu.demo.soundsystem.CompactDisc#0]默认名字 且单例-->
    <bean id="compactDisc2" class="com.baidu.demo.soundsystem.CompactDisc" c:title="床边故事" c:artist="周杰伦"/>
    <!--用name是一样的效果，但是name可以定义多个名用 ; 空格,  这三个区分-->

    <bean id="cdPlayer1" class="com.baidu.demo.soundsystem.CDPlayer">
        <constructor-arg ref = "compactDisc1" />    <!--将上面id=compactDisc1的bean对象注入到cdPlayer1这个bean对象的有参构造函数中-->
    </bean>

    <!--下面演示利用c命名空间，进行依赖注入-->
    <bean id="cdPlayer2" class="com.baidu.demo.soundsystem.CDPlayer" c:cd-ref="compactDisc2"></bean>
    <!--这个c:cd-ref,  是CDPlayer这个类构造函数的参数里面的名字-->
    <bean id="cdPlayer3" class="com.baidu.demo.soundsystem.CDPlayer" c:_0-ref = "compactDisc2"></bean>
    <!--这个c:_0-ref,  是CDPlayer这个类构造函数的参数里面的第0个参数-->
</beans>